{"cameraMode":{"drawMode":0,"name":"Shaded","section":"Shading Mode"},"sceneLighting":false,"audioPlay":false,"sceneViewState":{"m_AlwaysRefresh":false,"showFog":true,"showSkybox":false,"showFlares":true,"showImageEffects":true,"showParticleSystems":true,"showVisualEffectGraphs":true,"m_FxEnabled":true},"in2DMode":false,"pivot":{"x":43.09843444824219,"y":1.8410060405731202,"z":-0.021061420440673829},"rotation":{"x":-0.11289045214653015,"y":-0.8871757984161377,"z":0.3131200969219208,"w":-0.31970423460006716},"size":2.980820417404175,"orthographic":false}